Player,Role,Team,Year,Amount_Crore,Player Origin
Aaron Finch,Batsman,Sunrisers Hyderabad,2014.0,4.0,Overseas
Aaron Finch,Batsman,Mumbai Indians,2015.0,3.2,Overseas
Aaron Finch,Batsman,Gujarat Lions,2016.0,1.0,Overseas
Aaron Finch,Batsman,Kings XI Punjab,2018.0,6.2,Overseas
Aaron Finch,Batsman,Royal Challengers Bangalore,2020.0,4.4,Overseas
Abdul Samad,All-Rounder,Sunrisers Hyderabad,2020.0,0.2,Indian
Abhijeet Tomar,Batsman,Kolkata Knight Riders,2022.0,0.4,Indian
Abhimanyu Mithun,Bowler,Mumbai Indians,2015.0,0.3,Indian
Abhimanyu Mithun,Bowler,Sunrisers Hyderabad,2016.0,0.3,Indian
Abhinav Sadarangani,Batsman,Gujarat Titans,2022.0,2.6,Indian
Abhishek Nayar,All-Rounder,Pune Warriors India,2013.0,5.0625,Indian
Abhishek Nayar,All-Rounder,Rajasthan Royals,2014.0,1.0,Indian
Abhishek Sharma,All-Rounder,Delhi Daredevils,2018.0,0.55,Indian
Abhishek Sharma,All-Rounder,Sunrisers Hyderabad,2022.0,6.5,Indian
Abu Nechim Ahmed,Bowler,Royal Challengers Bangalore,2014.0,0.3,Indian
Adam Milne,Bowler,Royal Challengers Bangalore,2015.0,0.7,Overseas
Adam Milne,Bowler,Mumbai Indians,2021.0,3.2,Overseas
Adam Milne,Bowler,Chennai Super Kings,2022.0,1.9,Overseas
Adam Zampa,Bowler,Rising Pune Supergiant,2016.0,0.3,Overseas
Aditya Garhwal,All-Rounder,Kolkata Knight Riders,2015.0,0.25,Indian
Aditya Tare,Wicket Keeper,Mumbai Indians,2014.0,1.6,Indian
Aditya Tare,Wicket Keeper,Sunrisers Hyderabad,2016.0,1.2,Indian
Aditya Tare,Wicket Keeper,Delhi Daredevils,2017.0,0.25,Indian
Aditya Tare,Wicket Keeper,Mumbai Indians,2018.0,0.2,Indian
Agnivesh Ayachi,All-Rounder,Kings XI Punjab,2019.0,0.2,Indian
Aiden Blizzard,Batsman,Mumbai Indians,2015.0,0.3,Overseas
Aiden Markram,Batsman,Sunrisers Hyderabad,2022.0,2.6,Overseas
Ajantha Mendis,Bowler,Pune Warriors India,2013.0,5.4375,Overseas
Ajinkya Rahane,Batsman,Rajasthan Royals,2018.0,4.0,Indian
Ajinkya Rahane,Batsman,Kolkata Knight Riders,2022.0,1.0,Indian
Akash Deep,Bowler,Royal Challengers Bangalore,2022.0,0.2,Indian
Akash Singh,Bowler,Rajasthan Royals,2020.0,0.2,Indian
Akash Singh,Bowler,Rajasthan Royals,2021.0,0.2,Indian
Akhil Arvind Herwadkar,All-Rounder,Delhi Daredevils,2016.0,0.1,Indian
Akila Dananjaya,All-Rounder,Chennai Super Kings,2013.0,0.15,Overseas
Akila Dhananjaya,Bowler,Mumbai Indians,2018.0,0.5,Overseas
Akshar Rajesh Patel,All-Rounder,Kings XI Punjab,2014.0,0.75,Indian
Akshay Karnewar,All-Rounder,Royal Challengers Bangalore,2016.0,0.1,Indian
Akshay Wakhare,Bowler,Mumbai Indians,2015.0,0.1,Indian
Akshdeep Nath,All-Rounder,Gujarat Lions,2016.0,0.1,Indian
Akshdeep Nath,All-Rounder,Gujarat Lions,2017.0,0.1,Indian
Akshdeep Nath,All-Rounder,Kings XI Punjab,2018.0,1.0,Indian
Akshdeep Nath,All-Rounder,Royal Challengers Bangalore,2019.0,3.6,Indian
Albie Morkel,All-Rounder,Royal Challengers Bangalore,2014.0,2.4,Overseas
Albie Morkel,All-Rounder,Delhi Daredevils,2015.0,0.3,Overseas
Alex Carey,Wicket Keeper,Delhi Capitals,2020.0,2.4,Overseas
Alex Hales,Batsman,Kolkata Knight Riders,2022.0,1.5,Overseas
Alzarri Joseph,Bowler,Gujarat Titans,2022.0,2.4,Overseas
Aman Khan,All-Rounder,Kolkata Knight Riders,2022.0,0.2,Indian
Ambati Rayudu,Wicket Keeper,Chennai Super Kings,2018.0,2.2,Indian
Ambati Rayudu,Wicket Keeper,Chennai Super Kings,2022.0,6.75,Indian
Amit Mishra,Bowler,Rajasthan Royals,2014.0,0.1,Indian
Amit Mishra,Bowler,Sunrisers Hyderabad,2014.0,4.75,Indian
Amit Mishra,Bowler,Delhi Daredevils,2015.0,3.5,Indian
Amit Mishra,Bowler,Gujarat Lions,2016.0,0.1,Indian
Amit Mishra,Bowler,Delhi Daredevils,2018.0,4.0,Indian
Amit Paunikar,Wicket Keeper,Sunrisers Hyderabad,2014.0,0.2,Indian
Andre Russell,All-Rounder,Kolkata Knight Riders,2014.0,0.6,Overseas
Andrew Tye,Bowler,Chennai Super Kings,2015.0,0.2,Overseas
Andrew Tye,All-Rounder,Gujarat Lions,2016.0,0.5,Overseas
Andrew Tye,Bowler,Kings XI Punjab,2018.0,7.2,Overseas
Andrew Tye,Bowler,Rajasthan Royals,2020.0,1.0,Overseas
Aneeshwar Gautam,All-Rounder,Royal Challengers Bangalore,2022.0,0.2,Indian
Angelo Mathews,All-Rounder,Delhi Daredevils,2015.0,7.5,Overseas
Angelo Mathews,All-Rounder,Delhi Daredevils,2017.0,2.0,Overseas
Aniket Choudhary,Bowler,Royal Challengers Bangalore,2017.0,2.0,Indian
Aniket Choudhary,Bowler,Royal Challengers Bangalore,2018.0,0.3,Indian
Anirudha Ashok Joshi,All-Rounder,Royal Challengers Bangalore,2018.0,0.2,Indian
Anirudha Ashok Joshi,All-Rounder,Rajasthan Royals,2020.0,0.2,Indian
Ankeet Bawane,Batsman,Delhi Daredevils,2017.0,0.1,Indian
Ankit Nagendra Sharma,Bowler,Rajasthan Royals,2014.0,0.1,Indian
Ankit Sharma,All-Rounder,Rising Pune Supergiant,2016.0,0.1,Indian
Ankit Sharma,All-Rounder,Rajasthan Royals,2018.0,0.2,Indian
Ankit Singh Rajpoot,Bowler,Kolkata Knight Riders,2016.0,1.5,Indian
Ankit Singh Rajpoot,Bowler,Kings XI Punjab,2018.0,3.0,Indian
Ankit Singh Rajpoot,Bowler,Lucknow Super Giants,2022.0,0.5,Indian
Ankush Bains,Wicket Keeper,Rajasthan Royals,2014.0,0.1,Indian
Ankush Bains,Wicket Keeper,Chennai Super Kings,2015.0,0.1,Indian
Ankush Bains,Wicket Keeper,Rising Pune Supergiant,2016.0,0.1,Indian
Ankush Bains,Wicket Keeper,Delhi Capitals,2019.0,0.2,Indian
Anmolpreet Singh,Batsman,Mumbai Indians,2019.0,0.8,Indian
Anmolpreet Singh,Batsman,Mumbai Indians,2022.0,0.2,Indian
Anrich Nortje,Bowler,Kolkata Knight Riders,2019.0,0.2,Overseas
Ansh Patel,All-Rounder,Punjab Kings,2022.0,0.2,Indian
Anuj Rawat,Wicket Keeper,Rajasthan Royals,2020.0,0.8,Indian
Anuj Rawat,Wicket Keeper,Royal Challengers Bangalore,2022.0,3.4,Indian
Anukul Roy,All-Rounder,Mumbai Indians,2018.0,0.2,Indian
Anukul Roy,All-Rounder,Kolkata Knight Riders,2022.0,0.2,Indian
Anunay Singh,All-Rounder,Rajasthan Royals,2022.0,0.2,Indian
Anureet Singh,Bowler,Kings XI Punjab,2014.0,0.2,Indian
Anureet Singh,Bowler,Rajasthan Royals,2018.0,0.3,Indian
Apoorv Vijay Wankhade,Batsman,Mumbai Indians,2014.0,0.1,Indian
Apoorv Vijay Wankhade,Batsman,Kolkata Knight Riders,2018.0,0.2,Indian
Arjun Tendulkar,All-Rounder,Mumbai Indians,2021.0,0.2,Indian
Arjun Tendulkar,All-Rounder,Mumbai Indians,2022.0,0.3,Indian
Armaan Jaffer,Batsman,Kings XI Punjab,2016.0,0.1,Indian
Arshdeep Singh,Bowler,Kings XI Punjab,2019.0,0.2,Indian
Aryaman Vikram Birla,All-Rounder,Rajasthan Royals,2018.0,0.3,Indian
Aryan Juyal,Wicket Keeper,Mumbai Indians,2022.0,0.2,Indian
Asela Gunarathna,Batsman,Mumbai Indians,2017.0,0.3,Overseas
Ashish Nehra,Bowler,Chennai Super Kings,2014.0,2.0,Indian
Ashish Nehra,Bowler,Sunrisers Hyderabad,2016.0,5.5,Indian
Ashish Reddy,Bowler,Sunrisers Hyderabad,2014.0,0.2,Indian
Ashok Dinda,Bowler,Royal Challengers Bangalore,2014.0,1.5,Indian
Ashok Dinda,Bowler,Rising Pune Supergiant,2016.0,0.5,Indian
Ashok Sharma,Bowler,Kolkata Knight Riders,2022.0,0.55,Indian
Ashton Turner,All-Rounder,Rajasthan Royals,2019.0,0.5,Indian
Ashwin Hebbar,Batsman,Delhi Capitals,2022.0,0.2,Indian
Asif K M,Bowler,Chennai Super Kings,2018.0,0.4,Indian
Atharva Taide,All-Rounder,Punjab Kings,2022.0,0.2,Indian
Avesh Khan,Bowler,Delhi Daredevils,2018.0,0.7,Indian
Avesh Khan,Bowler,Lucknow Super Giants,2022.0,10.0,Indian
Axar Rajesh Patel,All-Rounder,Delhi Capitals,2019.0,5.0,Indian
Ayush Badoni,All-Rounder,Lucknow Super Giants,2022.0,0.2,Indian
B. Sai Sudharsan,All-Rounder,Gujarat Titans,2022.0,0.2,Indian
Baba Aparajith,Batsman,Chennai Super Kings,2014.0,0.1,Indian
Baba Aparajith,All-Rounder,Rising Pune Supergiant,2016.0,0.1,Indian
Baba Indrajith,Wicket Keeper,Kolkata Knight Riders,2022.0,0.2,Indian
Baltej Dhanda,Bowler,Punjab Kings,2022.0,0.2,Indian
Bandaru Ayyappa,Bowler,Delhi Capitals,2019.0,0.2,Indian
Barinder Singh Saran,Bowler,Rajasthan Royals,2015.0,0.1,Indian
Barinder Singh Sran,Bowler,Sunrisers Hyderabad,2016.0,1.2,Indian
Barinder Singh Sran,Bowler,Kings XI Punjab,2018.0,2.2,Indian
Barinder Singh Sran,Bowler,Mumbai Indians,2019.0,3.4,Indian
Basil Thampi,Bowler,Gujarat Lions,2017.0,0.85,Indian
Basil Thampi,Bowler,Sunrisers Hyderabad,2018.0,0.95,Indian
Basil Thampi,Bowler,Mumbai Indians,2022.0,0.3,Indian
Ben Cutting,Bowler,Rajasthan Royals,2014.0,0.8,Overseas
Ben Cutting,All-Rounder,Sunrisers Hyderabad,2016.0,0.5,Overseas
Ben Cutting,All-Rounder,Mumbai Indians,2018.0,2.2,Overseas
Ben Cutting,All-Rounder,Kolkata Knight Riders,2021.0,0.75,Overseas
Ben Dunk,Wicket Keeper,Mumbai Indians,2014.0,0.2,Overseas
Ben Dwarshuis,Bowler,Kings XI Punjab,2018.0,1.4,Overseas
Ben Hilfenhaus,Bowler,Chennai Super Kings,2014.0,1.0,Overseas
Ben Laughlin,Bowler,Chennai Super Kings,2013.0,0.15,Overseas
Ben Laughlin,Bowler,Sunrisers Hyderabad,2017.0,0.3,Overseas
Ben Laughlin,Bowler,Rajasthan Royals,2018.0,0.5,Overseas
Benjamin Stokes,All-Rounder,Rising Pune Supergiant,2017.0,14.5,Overseas
Benjamin Stokes,All-Rounder,Rajasthan Royals,2018.0,12.5,Overseas
Benny Howell,All-Rounder,Punjab Kings,2022.0,0.4,Overseas
Beuran Hendricks,Bowler,Kings XI Punjab,2014.0,1.8,Overseas
Bhanuka Rajapaksa,Batsman,Punjab Kings,2022.0,0.5,Overseas
Bhuvneshwar Kumar,Bowler,Sunrisers Hyderabad,2014.0,4.25,Overseas
Bhuvneshwar Kumar,Bowler,Sunrisers Hyderabad,2022.0,4.2,Indian
Billy Stanlake,Bowler,Royal Challengers Bangalore,2017.0,0.3,Overseas
Billy Stanlake,Batsman,Sunrisers Hyderabad,2018.0,0.5,Overseas
Bipul Sharma,All-Rounder,Sunrisers Hyderabad,2018.0,0.2,Indian
Brad Hodge,Batsman,Rajasthan Royals,2014.0,2.4,Overseas
Brad Hogg,Bowler,Kolkata Knight Riders,2015.0,0.5,Overseas
Brendan Taylor,Wicket Keeper,Sunrisers Hyderabad,2014.0,0.3,Overseas
Brendon McCullum,Wicket Keeper,Chennai Super Kings,2014.0,3.25,Overseas
Brendon McCullum,Batsman,Royal Challengers Bangalore,2018.0,3.6,Overseas
C Hari Nishaanth,Batsman,Chennai Super Kings,2021.0,0.2,Indian
C.Hari Nishaanth,Batsman,Chennai Super Kings,2022.0,0.2,Indian
C.M. Gautam,Wicket Keeper,Mumbai Indians,2014.0,0.2,Indian
C.M. Gautam,Wicket Keeper,Delhi Daredevils,2015.0,0.2,Indian
Cameron Delport,All-Rounder,Kolkata Knight Riders,2018.0,0.3,Overseas
Carlos Brathwaite,All-Rounder,Delhi Daredevils,2016.0,4.2,Overseas
Carlos Brathwaite,All-Rounder,Sunrisers Hyderabad,2018.0,2.0,Overseas
Carlos Brathwaite,All-Rounder,Kolkata Knight Riders,2019.0,5.0,Overseas
Chaitanya Bishnoi,All-Rounder,Chennai Super Kings,2018.0,0.2,Indian
Chama Milind,Bowler,Sunrisers Hyderabad,2014.0,0.1,Indian
Chama Milind,Bowler,Delhi Daredevils,2016.0,0.1,Indian
Chama Milind,Bowler,Royal Challengers Bangalore,2022.0,0.25,Indian
Chamika Karunaratne,All-Rounder,Kolkata Knight Riders,2022.0,0.5,Overseas
Chetan Sakariya,Bowler,Rajasthan Royals,2021.0,1.2,Indian
Chetan Sakariya,Bowler,Delhi Capitals,2022.0,4.2,Indian
Cheteshwar Pujara,Batsman,Kings XI Punjab,2014.0,1.9,Indian
Cheteshwar Pujara,Batsman,Chennai Super Kings,2021.0,0.5,Indian
Chirag Suri,Batsman,Gujarat Lions,2017.0,0.1,Indian
Chris Green,All-Rounder,Kolkata Knight Riders,2020.0,0.2,Overseas
Chris Jordan,All-Rounder,Sunrisers Hyderabad,2017.0,0.5,Overseas
Chris Jordan,All-Rounder,Sunrisers Hyderabad,2018.0,1.0,Overseas
Chris Jordan,All-Rounder,Kings XI Punjab,2020.0,3.0,Overseas
Chris Jordan,All-Rounder,Chennai Super Kings,2022.0,3.6,Overseas
Chris Lynn,Batsman,Kolkata Knight Riders,2014.0,1.3,Overseas
Chris Lynn,Batsman,Kolkata Knight Riders,2018.0,9.6,Overseas
Chris Lynn,Batsman,Mumbai Indians,2020.0,2.0,Overseas
Chris Woakes,All-Rounder,Kolkata Knight Riders,2017.0,4.2,Overseas
Chris Woakes,All-Rounder,Royal Challengers Bangalore,2018.0,7.4,Overseas
Chris Woakes,All-Rounder,Delhi Capitals,2020.0,1.5,Overseas
Christopher Barnwell,All-Rounder,Royal Challengers Bangalore,2013.0,0.375,Overseas
Christopher Gayle,Batsman,Kings XI Punjab,2018.0,2.0,Overseas
Christopher Morris,All-Rounder,Chennai Super Kings,2013.0,4.6875,Overseas
Christopher Morris,All-Rounder,Rajasthan Royals,2015.0,1.4,Overseas
Christopher Morris,All-Rounder,Delhi Daredevils,2016.0,7.0,Overseas
Christopher Morris,All-Rounder,Royal Challengers Bangalore,2020.0,10.0,Overseas
Christopher Morris,All-Rounder,Rajasthan Royals,2021.0,16.25,Overseas
Clinton McKay,Bowler,Sunrisers Hyderabad,2013.0,0.75,Overseas
Colin De Grandhomme,All-Rounder,Royal Challengers Bangalore,2018.0,2.2,Overseas
Colin Ingram,Batsman,Delhi Capitals,2019.0,6.4,Overseas
Colin Munro,All-Rounder,Kolkata Knight Riders,2016.0,0.3,Overseas
Colin Munro,All-Rounder,Delhi Daredevils,2018.0,1.9,Overseas
Corey Anderson,All-Rounder,Mumbai Indians,2014.0,4.5,Overseas
Corey Anderson,All-Rounder,Delhi Daredevils,2017.0,1.0,Overseas
Dale Steyn,Bowler,Gujarat Lions,2016.0,2.3,Overseas
Dale Steyn,Bowler,Royal Challengers Bangalore,2020.0,2.0,Overseas
Dan Christian,All-Rounder,Royal Challengers Bangalore,2021.0,4.8,Overseas
Daniel Christian,All-Rounder,Royal Challengers Bangalore,2013.0,0.75,Overseas
Daniel Christian,All-Rounder,Rising Pune Supergiant,2017.0,1.0,Overseas
Daniel Christian,All-Rounder,Delhi Daredevils,2018.0,1.5,Overseas
Daniel Sams,All-Rounder,Mumbai Indians,2022.0,2.6,Overseas
Darcy Short,All-Rounder,Rajasthan Royals,2018.0,4.0,Overseas
Darren Bravo,Batsman,Kolkata Knight Riders,2017.0,0.5,Overseas
Darren Sammy,All-Rounder,Sunrisers Hyderabad,2013.0,3.1875,Overseas
Darren Sammy,All-Rounder,Sunrisers Hyderabad,2014.0,3.5,Overseas
Darren Sammy,All-Rounder,Royal Challengers Bangalore,2015.0,2.8,Overseas
Darren Sammy,All-Rounder,Kings XI Punjab,2017.0,0.3,Overseas
Darshan Nalkande,All-Rounder,Kings XI Punjab,2019.0,0.3,Indian
Darshan Nalkande,All-Rounder,Gujarat Titans,2022.0,0.2,Indian
Daryl Mitchell,All-Rounder,Rajasthan Royals,2022.0,0.75,Overseas
David Miller,Batsman,Kings XI Punjab,2018.0,3.0,Overseas
David Miller,Batsman,Rajasthan Royals,2020.0,0.75,Overseas
David Miller,Batsman,Gujarat Titans,2022.0,3.0,Overseas
David Warner,Batsman,Sunrisers Hyderabad,2014.0,5.5,Overseas
David Warner,Batsman,Delhi Capitals,2022.0,6.25,Overseas
David Wiese,All-Rounder,Royal Challengers Bangalore,2015.0,2.8,Overseas
David Willey,All-Rounder,Royal Challengers Bangalore,2022.0,2.0,Overseas
Dawid Malan,All-Rounder,Punjab Kings,2021.0,1.5,Overseas
Debabrata Das,Wicket Keeper,Kolkata Knight Riders,2014.0,0.2,Indian
Deepak Chahar,All-Rounder,Rising Pune Supergiant,2016.0,0.1,Indian
Deepak Chahar,All-Rounder,Chennai Super Kings,2018.0,0.8,Indian
Deepak Chahar,Bowler,Chennai Super Kings,2022.0,14.0,Indian
Deepak Hooda,Bowler,Rajasthan Royals,2014.0,0.4,Indian
Deepak Hooda,All-Rounder,Sunrisers Hyderabad,2016.0,4.2,Indian
Deepak Hooda,All-Rounder,Sunrisers Hyderabad,2018.0,3.6,Indian
Deepak Hooda,All-Rounder,Kings XI Punjab,2020.0,0.5,Indian
Deepak Hooda,All-Rounder,Lucknow Super Giants,2022.0,5.75,Indian
Deepak Punia,All-Rounder,Mumbai Indians,2016.0,0.1,Indian
Devdutt Padikkal,Batsman,Royal Challengers Bangalore,2019.0,0.2,Indian
Devdutt Padikkal,Batsman,Rajasthan Royals,2022.0,7.75,Indian
Devon Conway,Batsman,Chennai Super Kings,2022.0,1.0,Overseas
Dewald Brevis,Batsman,Mumbai Indians,2022.0,3.0,Overseas
Dhawal Kulkarni,Bowler,Rajasthan Royals,2014.0,1.1,Indian
Dhawal Kulkarni,Bowler,Gujarat Lions,2016.0,2.0,Indian
Dhawal Kulkarni,Bowler,Rajasthan Royals,2018.0,0.75,Indian
Dhruv Jurel,Wicket Keeper,Rajasthan Royals,2022.0,0.2,Indian
Dhruv Shorey,All-Rounder,Chennai Super Kings,2018.0,0.2,Indian
Digvijay Deshmukh,All-Rounder,Mumbai Indians,2020.0,0.2,Indian
Dinesh Karthik,Wicket Keeper,Delhi Daredevils,2014.0,12.5,Indian
Dinesh Karthik,Wicket Keeper,Royal Challengers Bangalore,2015.0,10.5,Indian
Dinesh Karthik,Wicket Keeper,Gujarat Lions,2016.0,2.3,Indian
Dinesh Karthik,Wicket Keeper,Kolkata Knight Riders,2018.0,7.4,Indian
Dinesh Karthik,Wicket Keeper,Royal Challengers Bangalore,2022.0,5.5,Indian
Dinesh Salunkhe,All-Rounder,Rajasthan Royals,2015.0,0.1,Indian
Dirk Nannes,Bowler,Chennai Super Kings,2013.0,4.5,Overseas
Dishant Yagnik,Wicket Keeper,Rajasthan Royals,2014.0,0.3,Indian
Dominic Drakes,All-Rounder,Gujarat Titans,2022.0,1.1,Overseas
Domnic Joseph Muthuswamy,Bowler,Delhi Daredevils,2015.0,0.75,Overseas
Dushmanta Chameera,Bowler,Lucknow Super Giants,2022.0,2.0,Overseas
Dushmantha Chameera,Bowler,Rajasthan Royals,2018.0,0.5,Overseas
Dwaine Pretorius,All-Rounder,Chennai Super Kings,2022.0,0.5,Overseas
Dwayne Bravo,All-Rounder,Chennai Super Kings,2018.0,6.4,Overseas
Dwayne Bravo,All-Rounder,Chennai Super Kings,2022.0,4.4,Overseas
Dwayne Smith,Batsman,Chennai Super Kings,2014.0,4.5,Overseas
Dwayne Smith,All-Rounder,Gujarat Lions,2016.0,2.3,Overseas
Eklavya Dwivedi,Wicket Keeper,Chennai Super Kings,2015.0,0.1,Indian
Eklavya Dwivedi,Wicket Keeper,Gujarat Lions,2016.0,1.0,Indian
Eklavya Dwivedi,Wicket Keeper,Sunrisers Hyderabad,2017.0,0.75,Indian
Eoin Morgan,Batsman,Sunrisers Hyderabad,2015.0,1.5,Overseas
Eoin Morgan,Batsman,Kings XI Punjab,2017.0,2.0,Overseas
Eoin Morgan,Batsman,Kolkata Knight Riders,2020.0,5.25,Overseas
Evin Lewis,Batsman,Mumbai Indians,2018.0,3.8,Overseas
Evin Lewis,Batsman,Lucknow Super Giants,2022.0,2.0,Overseas
Fabian Allen,All-Rounder,Sunrisers Hyderabad,2020.0,0.5,Overseas
Fabian Allen,All-Rounder,Punjab Kings,2021.0,0.75,Overseas
Fabian Allen,All-Rounder,Mumbai Indians,2022.0,0.75,Overseas
Faf Du Plessis,Batsman,Chennai Super Kings,2014.0,4.75,Overseas
Faf Du Plessis,Batsman,Chennai Super Kings,2018.0,1.6,Overseas
Faf Du Plessis,Batsman,Royal Challengers Bangalore,2022.0,7.0,Overseas
Farhaan Behardien,All-Rounder,Kings XI Punjab,2016.0,0.3,Overseas
Fazalhaq Farooqi,Bowler,Sunrisers Hyderabad,2022.0,0.5,Overseas
Fidel Edwards,Bowler,Rajasthan Royals,2013.0,1.575,Overseas
Finn Allen,Batsman,Royal Challengers Bangalore,2022.0,0.8,Overseas
Gautam Gambhir,Batsman,Delhi Daredevils,2018.0,2.8,Indian
George Bailey,Batsman,Kings XI Punjab,2014.0,3.25,Overseas
Glenn Maxwell,All-Rounder,Mumbai Indians,2013.0,7.5,Overseas
Glenn Maxwell,All-Rounder,Kings XI Punjab,2014.0,6.0,Overseas
Glenn Maxwell,All-Rounder,Delhi Daredevils,2018.0,9.0,Overseas
Glenn Maxwell,All-Rounder,Kings XI Punjab,2020.0,10.75,Overseas
Glenn Maxwell,All-Rounder,Royal Challengers Bangalore,2021.0,14.25,Overseas
Glenn Phillips,Wicket Keeper,Sunrisers Hyderabad,2022.0,1.5,Overseas
Gurinder Sandhu,Bowler,Delhi Daredevils,2015.0,1.7,Indian
Gurkeerat Singh Mann,All-Rounder,Gujarat Titans,2022.0,0.5,Indian
Gurkeerat Singh Mann,All-Rounder,Delhi Daredevils,2018.0,0.75,Indian
Gurkeerat Singh Mann,All-Rounder,Royal Challengers Bangalore,2019.0,0.5,Indian
Gurkeerat Singh Mann,Batsman,Kings XI Punjab,2014.0,1.3,Indian
Hanuma Vihari,Batsman,Sunrisers Hyderabad,2015.0,0.1,Indian
Hanuma Vihari,Batsman,Delhi Capitals,2019.0,2.0,Indian
Harbhajan Singh,Bowler,Chennai Super Kings,2018.0,2.0,Indian
Harbhajan Singh,Bowler,Kolkata Knight Riders,2021.0,2.0,Indian
Hardik Pandya,All-Rounder,Mumbai Indians,2015.0,0.1,Indian
Hardus Viljoen,Bowler,Kings XI Punjab,2019.0,0.75,Overseas
Harpreet Brar,All-Rounder,Kings XI Punjab,2019.0,0.2,Indian
Harpreet Brar,All-Rounder,Punjab Kings,2022.0,3.8,Indian
Harry Gurney,Bowler,Kolkata Knight Riders,2019.0,0.75,Overseas
Harshal Patel,Bowler,Royal Challengers Bangalore,2014.0,0.4,Indian
Harshal Patel,All-Rounder,Delhi Daredevils,2018.0,0.2,Indian
Harshal Patel,All-Rounder,Royal Challengers Bangalore,2022.0,10.75,Indian
Heinrich Klaasen,Wicket Keeper,Royal Challengers Bangalore,2019.0,0.5,Overseas
Himmat Singh,Batsman,Royal Challengers Bangalore,2019.0,0.65,Indian
Hrithik Shokeen,All-Rounder,Mumbai Indians,2022.0,0.2,Indian
HS Sharath,Bowler,Delhi Daredevils,2014.0,0.1,Indian
Imran Tahir,Bowler,Chennai Super Kings,2018.0,1.0,Overseas
Iqbal Abdullah,All-Rounder,Rajasthan Royals,2014.0,0.65,Indian
Iqbal Abdullah,All-Rounder,Royal Challengers Bangalore,2016.0,0.1,Indian
Irfan Pathan,All-Rounder,Sunrisers Hyderabad,2014.0,2.4,Indian
Irfan Pathan,All-Rounder,Chennai Super Kings,2015.0,1.5,Indian
Irfan Pathan,All-Rounder,Rising Pune Supergiant,2016.0,1.0,Indian
Ishan Kishan,Wicket Keeper,Gujarat Lions,2016.0,0.35,Indian
Ishan Kishan,Wicket Keeper,Mumbai Indians,2018.0,6.2,Indian
Ishan Kishan,Wicket Keeper,Mumbai Indians,2022.0,15.25,Indian
Ishan Porel,Bowler,Punjab Kings,2022.0,0.25,Indian
Ishan Porel,Bowler,Kings XI Punjab,,0.2,Indian
Ishank Jaggi,Batsman,Kolkata Knight Riders,2017.0,0.1,Indian
Ishank Jaggi,Batsman,Kolkata Knight Riders,2018.0,0.2,Indian
Ishant Sharma,Bowler,Sunrisers Hyderabad,2014.0,2.6,Indian
Ishant Sharma,Bowler,Rising Pune Supergiant,2016.0,3.8,Indian
Ishant Sharma,Bowler,Delhi Capitals,2019.0,1.1,Indian
Ishwar Chandra Pandey,Bowler,Chennai Super Kings,2014.0,1.5,Indian
Ishwar Chandra Pandey,Bowler,Rising Pune Supergiant,2016.0,0.2,Indian
Isuru Udana,All-Rounder,Royal Challengers Bangalore,2020.0,0.5,Overseas
J Suchith,Bowler,Sunrisers Hyderabad,2021.0,0.3,Indian
J Suchith,All-Rounder,Mumbai Indians,2015.0,0.1,Indian
Jacob Oram,All-Rounder,Mumbai Indians,2013.0,0.375,Overseas
Jacques Kallis,All-Rounder,Kolkata Knight Riders,2014.0,5.5,Overseas
Jagadeesha Suchith,Bowler,Sunrisers Hyderabad,2022.0,0.2,Indian
Jalaj Saxena,All-Rounder,Mumbai Indians,2014.0,0.9,Indian
Jalaj Saxena,All-Rounder,Royal Challengers Bangalore,2015.0,0.1,Indian
Jalaj Saxena,All-Rounder,Delhi Capitals,2019.0,0.2,Indian
Jalaj Saxena,All-Rounder,Punjab Kings,2021.0,0.3,Indian
James Faulkner,All-Rounder,Rajasthan Royals,2013.0,3.0,Overseas
James Neesham,All-Rounder,Delhi Daredevils,2014.0,1.0,Overseas
James Neesham,All-Rounder,Kolkata Knight Riders,2015.0,0.5,Overseas
James Neesham,All-Rounder,Kings XI Punjab,2020.0,0.5,Overseas
James Neesham,All-Rounder,Mumbai Indians,2021.0,0.5,Overseas
James Neesham,All-Rounder,Rajasthan Royals,2022.0,1.5,Overseas
Jaskaran Singh,Bowler,Rising Pune Supergiant,2016.0,0.1,Indian
Jason Behrendorff,Bowler,Mumbai Indians,2018.0,1.5,Overseas
Jason Behrendorff,Bowler,Royal Challengers Bangalore,2022.0,0.75,Overseas
Jason Holder,Bowler,Chennai Super Kings,2013.0,0.15,Overseas
Jason Holder,Bowler,Sunrisers Hyderabad,2014.0,0.75,Overseas
Jason Holder,All-Rounder,Kolkata Knight Riders,2016.0,0.7,Overseas
Jason Holder,All-Rounder,Lucknow Super Giants,2022.0,8.75,Overseas
Jason Roy,Batsman,Gujarat Lions,2017.0,1.0,Overseas
Jason Roy,Batsman,Delhi Daredevils,2018.0,1.5,Overseas
Jason Roy,Batsman,Delhi Capitals,2020.0,1.5,Overseas
Jason Roy,Batsman,Gujarat Titans,2022.0,2.0,Overseas
Jasprit Bumrah,Bowler,Mumbai Indians,2014.0,1.2,Indian
Jatin Saxena,All-Rounder,Rajasthan Royals,2018.0,0.2,Indian
Javon Searless,All-Rounder,Kolkata Knight Riders,2018.0,0.3,Indian
Jayant Yadav,All-Rounder,Delhi Daredevils,2014.0,0.1,Indian
Jayant Yadav,All-Rounder,Delhi Daredevils,2018.0,0.5,Indian
Jayant Yadav,All-Rounder,Gujarat Titans,2022.0,1.7,Indian
Jaydev Shah,All-Rounder,Gujarat Lions,2016.0,0.2,Indian
Jaydev Unadkat,Bowler,Royal Challengers Bangalore,2013.0,3.9375,Indian
Jaydev Unadkat,Bowler,Delhi Daredevils,2014.0,2.8,Indian
Jaydev Unadkat,Bowler,Delhi Daredevils,2015.0,1.1,Indian
Jaydev Unadkat,Bowler,Kolkata Knight Riders,2016.0,1.6,Indian
Jaydev Unadkat,Bowler,Rising Pune Supergiant,2017.0,0.3,Indian
Jaydev Unadkat,Bowler,Rajasthan Royals,2018.0,11.5,Indian
Jaydev Unadkat,Bowler,Rajasthan Royals,2019.0,8.4,Indian
Jaydev Unadkat,Bowler,Rajasthan Royals,2020.0,3.0,Indian
Jaydev Unadkat,Bowler,Mumbai Indians,2022.0,1.3,Indian
Jean-Paul Duminy,Batsman,Delhi Daredevils,2014.0,2.2,Overseas
Jean-Paul Duminy,All-Rounder,Mumbai Indians,2018.0,1.0,Overseas
Jeevan Mendis,All-Rounder,Delhi Daredevils,2013.0,0.375,Overseas
Jesse Ryder,All-Rounder,Delhi Daredevils,2013.0,1.95,Overseas
Jhye Richardson,Bowler,Punjab Kings,2021.0,14.0,Overseas
Jitesh Sharma,Wicket Keeper,Mumbai Indians,2016.0,0.1,Indian
Jitesh Sharma,Wicket Keeper,Punjab Kings,2022.0,0.2,Indian
Joe Denly,Batsman,Kolkata Knight Riders,2019.0,1.0,Overseas
Joel Paris,Bowler,Delhi Daredevils,2016.0,0.3,Overseas
Jofra Archer,All-Rounder,Rajasthan Royals,2018.0,7.2,Overseas
Jofra Archer,All-Rounder,Mumbai Indians,2022.0,8.0,Overseas
Johan Botha,All-Rounder,Delhi Daredevils,2013.0,3.375,Overseas
John Hastings,All-Rounder,Chennai Super Kings,2014.0,0.5,Overseas
John Hastings,Bowler,Kolkata Knight Riders,2016.0,1.3,Overseas
Jonny Bairstow,Wicket Keeper,Sunrisers Hyderabad,2019.0,2.2,Overseas
Jonny Bairstow,Wicket Keeper,Punjab Kings,2022.0,6.75,Overseas
Jos Buttler,Wicket Keeper,Mumbai Indians,2016.0,3.8,Overseas
Jos Buttler,Wicket Keeper,Rajasthan Royals,2018.0,4.4,Overseas
Josh Hazlewood,Bowler,Mumbai Indians,2014.0,0.5,Overseas
Josh Hazlewood,Bowler,Chennai Super Kings,2020.0,2.0,Overseas
Josh Hazlewood,Bowler,Royal Challengers Bangalore,2022.0,7.75,Overseas
Joshua Philippe,Wicket Keeper,Royal Challengers Bangalore,2020.0,0.2,Overseas
Juan Theron,Bowler,Rajasthan Royals,2015.0,0.3,Overseas
Krishnappa Gowtham,All-Rounder,Lucknow Super Giants,2022.0,0.9,Indian
K.Bhagath Varma,All-Rounder,Chennai Super Kings,2021.0,0.2,Indian
K.Bhagath Varma,All-Rounder,Chennai Super Kings,2022.0,0.2,Indian
K.C Cariappa,Bowler,Rajasthan Royals,2021.0,0.2,Indian
K.C Cariappa,Bowler,Rajasthan Royals,2022.0,0.3,Indian
K.C. Cariappa,Bowler,Kolkata Knight Riders,2015.0,2.4,Indian
K.C. Cariappa,Bowler,Kings XI Punjab,2016.0,0.8,Indian
K.K. Jiyaz,Bowler,Delhi Daredevils,2015.0,0.1,Indian
K.M. Asif,Bowler,Chennai Super Kings,2022.0,0.2,Indian
K.S. Bharat,Wicket Keeper,Delhi Capitals,2022.0,2.0,Indian
Kagiso Rabada,Bowler,Delhi Daredevils,2017.0,5.0,Overseas
Kagiso Rabada,Bowler,Delhi Daredevils,2018.0,4.2,Overseas
Kagiso Rabada,Bowler,Punjab Kings,2022.0,9.25,Overseas
Kamlesh Nagarkoti,All-Rounder,Kolkata Knight Riders,2018.0,3.2,Indian
Kamlesh Nagarkoti,All-Rounder,Delhi Capitals,2022.0,1.1,Indian
Kane Richardson,Bowler,Pune Warriors India,2013.0,5.25,Overseas
Kane Richardson,Bowler,Rajasthan Royals,2014.0,1.0,Overseas
Kane Richardson,Bowler,Royal Challengers Bangalore,2016.0,2.0,Overseas
Kane Richardson,Bowler,Royal Challengers Bangalore,2020.0,4.0,Overseas
Kane Williamson,All-Rounder,Sunrisers Hyderabad,2015.0,0.6,Overseas
Kane Williamson,Batsman,Sunrisers Hyderabad,2018.0,3.0,Overseas
Kanishk Seth,All-Rounder,Chennai Super Kings,2018.0,0.2,Indian
Karan Sharma,All-Rounder,Lucknow Super Giants,2022.0,0.2,Indian
Karanveer Singh,All-Rounder,Kings XI Punjab,2014.0,0.1,Indian
Karn Sharma,Bowler,Sunrisers Hyderabad,2014.0,3.75,Indian
Karn Sharma,All-Rounder,Mumbai Indians,2017.0,3.2,Indian
Karn Sharma,Bowler,Chennai Super Kings,2018.0,5.0,Indian
Karn Sharma,Bowler,Royal Challengers Bangalore,2022.0,0.5,Indian
Kartik Tyagi,Bowler,Rajasthan Royals,2020.0,1.3,Indian
Kartik Tyagi,Bowler,Sunrisers Hyderabad,2022.0,4.0,Indian
Karun Nair,Batsman,Rajasthan Royals,2014.0,0.75,Indian
Karun Nair,Batsman,Delhi Daredevils,2016.0,4.0,Indian
Karun Nair,Batsman,Kings XI Punjab,2018.0,5.6,Indian
Karun Nair,Batsman,Kolkata Knight Riders,2021.0,0.5,Indian
Karun Nair,Batsman,Rajasthan Royals,2022.0,1.4,Indian
Kedar Jadhav,Batsman,Delhi Daredevils,2014.0,2.0,Indian
Kedar Jadhav,All-Rounder,Chennai Super Kings,2018.0,7.8,Indian
Kedar Jadhav,All-Rounder,Sunrisers Hyderabad,2021.0,2.0,Indian
Keemo Paul,All-Rounder,Delhi Capitals,2019.0,0.5,Overseas
Kevin Pietersen,Batsman,Delhi Daredevils,2014.0,9.0,Overseas
Kevin Pietersen,Batsman,Sunrisers Hyderabad,2015.0,2.0,Overseas
Kevin Pietersen,Batsman,Rising Pune Supergiant,2016.0,3.5,Overseas
Kevon Cooper,All-Rounder,Rajasthan Royals,2014.0,0.3,Overseas
Kieron Pollard,All-Rounder,Mumbai Indians,2018.0,5.4,Overseas
Kishore Pramod Kamath,All-Rounder,Mumbai Indians,2016.0,1.4,Indian
KL Rahul,Batsman,Sunrisers Hyderabad,2014.0,1.0,Indian
KL Rahul,Batsman,Kings XI Punjab,2018.0,11.0,Indian
Kona Srikar Bharat,Wicket Keeper,Delhi Daredevils,2015.0,0.1,Indian
Kona Srikar Bharat,Wicket Keeper,Royal Challengers Bangalore,2021.0,0.2,Indian
Krishnappa Gowtham,All-Rounder,Mumbai Indians,2017.0,2.0,Indian
Krishnappa Gowtham,Bowler,Rajasthan Royals,2018.0,6.2,Indian
Krishnappa Gowtham,All-Rounder,Chennai Super Kings,2021.0,9.25,Indian
Krismar Santokie,Bowler,Mumbai Indians,2014.0,0.3,Overseas
Krunal Pandya,All-Rounder,Mumbai Indians,2016.0,2.0,Indian
Krunal Pandya,All-Rounder,Mumbai Indians,2018.0,8.8,Indian
Krunal Pandya,All-Rounder,Lucknow Super Giants,2022.0,8.25,Indian
Kshitiz Sharma,All-Rounder,Chennai Super Kings,2018.0,0.2,Indian
Kuldeep Sen,Bowler,Rajasthan Royals,2022.0,0.2,Indian
Kuldeep Yadav,Bowler,Kolkata Knight Riders,2014.0,0.4,Indian
Kuldeep Yadav,Bowler,Kolkata Knight Riders,2018.0,5.8,Indian
Kuldeep Yadav,Bowler,Delhi Capitals,2022.0,2.0,Indian
Kuldip Yadav,Bowler,Rajasthan Royals,2021.0,0.2,Indian
Kuldip Yadav,Bowler,Rajasthan Royals,2022.0,0.2,Indian
Kulwant Khejroliya,Bowler,Mumbai Indians,2017.0,0.1,Indian
Kulwant Khejroliya,Bowler,Royal Challengers Bangalore,2018.0,0.85,Indian
Kusal Janith Perera,Wicket Keeper,Rajasthan Royals,2013.0,0.15,Indian
Kyle Abbott,Bowler,Chennai Super Kings,2015.0,0.3,Overseas
Kyle Abbott,Bowler,Kings XI Punjab,2016.0,2.1,Overseas
Kyle Jamieson,All-Rounder,Royal Challengers Bangalore,2021.0,15.0,Overseas
Kyle Mayers,All-Rounder,Lucknow Super Giants,2022.0,0.5,Overseas
Lakshmipathy Balaji,Bowler,Kings XI Punjab,2014.0,1.8,Indian
Lalit Yadav,All-Rounder,Delhi Capitals,2020.0,0.2,Indian
Lalit Yadav,All-Rounder,Delhi Capitals,2022.0,0.65,Indian
Lasith Malinga,Bowler,Mumbai Indians,2019.0,2.0,Overseas
Laxmi Ratan Shukla,All-Rounder,Delhi Daredevils,2014.0,1.5,Indian
Laxmi Ratan Shukla,All-Rounder,Sunrisers Hyderabad,2015.0,0.3,Indian
Liam Livingstone,All-Rounder,Rajasthan Royals,2019.0,0.5,Overseas
Liam Livingstone,All-Rounder,Rajasthan Royals,2021.0,0.75,Overseas
Liam Livingstone,All-Rounder,Punjab Kings,2022.0,11.5,Overseas
Lockie Ferguson,Bowler,Rising Pune Supergiant,2017.0,0.5,Overseas
Lockie Ferguson,Bowler,Kolkata Knight Riders,2019.0,1.6,Overseas
Lockie Ferguson,Bowler,Gujarat Titans,2022.0,10.0,Overseas
Luke Pomersbach,Batsman,Kings XI Punjab,2013.0,2.25,Overseas
Lukman Hussain Meriwala,Bowler,Delhi Capitals,2021.0,0.2,Indian
Lungisani Ngidi,Bowler,Chennai Super Kings,2018.0,0.5,Overseas
Lungisani Ngidi,Bowler,Delhi Capitals,2022.0,0.5,Overseas
Luvnith Sisodia,Wicket Keeper,Royal Challengers Bangalore,2022.0,0.2,Indian
M Siddharth,Bowler,Kolkata Knight Riders,2020.0,0.2,Indian
M Siddharth,Bowler,Delhi Capitals,2021.0,0.2,Indian
M. Ashwin,Bowler,Rising Pune Supergiant,2016.0,4.5,Indian
M. Ashwin,Bowler,Delhi Daredevils,2017.0,1.0,Indian
M. Ashwin,Bowler,Royal Challengers Bangalore,2018.0,2.2,Indian
M. Ashwin,Bowler,Kings XI Punjab,2019.0,0.2,Indian
M. Harisankar Reddy,Bowler,Chennai Super Kings,2021.0,0.2,Indian
Washington Sundar,All-Rounder,Royal Challengers Bangalore,2018.0,3.2,Indian
Maheesh Theekshana,Bowler,Chennai Super Kings,2022.0,0.7,Overseas
Mahipal Lomror,All-Rounder,Delhi Daredevils,2016.0,0.1,Indian
Mahipal Lomror,All-Rounder,Rajasthan Royals,2018.0,0.2,Indian
Mahipal Lomror,All-Rounder,Royal Challengers Bangalore,2022.0,0.95,Indian
Manan Ajay Sharma,All-Rounder,Kolkata Knight Riders,2016.0,0.1,Indian
Manan Vohra,Batsman,Royal Challengers Bangalore,2018.0,1.1,Indian
Manan Vohra,Batsman,Rajasthan Royals,2019.0,0.2,Indian
Manan Vohra,Batsman,Lucknow Super Giants,2022.0,0.2,Indian
Mandeep Hardev Singh,All-Rounder,Kings XI Punjab,2014.0,0.8,Indian
Mandeep Singh,All-Rounder,Royal Challengers Bangalore,2018.0,1.4,Indian
Mandeep Singh,Batsman,Delhi Capitals,2022.0,1.1,Indian
Manish Pandey,Batsman,Kolkata Knight Riders,2014.0,1.7,Indian
Manish Pandey,Batsman,Sunrisers Hyderabad,2018.0,11.0,Indian
Manish Pandey,Batsman,Lucknow Super Giants,2022.0,4.6,Indian
Manjot Kalra,Batsman,Delhi Daredevils,2018.0,0.2,Indian
Manoj Tiwary,Batsman,Delhi Daredevils,2014.0,2.8,Indian
Manoj Tiwary,Batsman,Rising Pune Supergiant,2017.0,0.5,Indian
Manoj Tiwary,Batsman,Kings XI Punjab,2018.0,1.0,Indian
Manpreet Gony,Bowler,Kings XI Punjab,2013.0,3.75,Indian
Manpreet Gony,Bowler,Gujarat Lions,2017.0,0.6,Indian
Manprit Juneja,Batsman,Sunrisers Hyderabad,2014.0,0.1,Indian
Manvinder Bisla,Wicket Keeper,Kolkata Knight Riders,2014.0,0.6,Indian
Manzoor Dar,All-Rounder,Kings XI Punjab,2018.0,0.2,Indian
Marchant De Lange,Bowler,Mumbai Indians,2014.0,0.3,Overseas
Marco Jansen,All-Rounder,Mumbai Indians,2021.0,0.2,Overseas
Marco Jansen,All-Rounder,Sunrisers Hyderabad,2022.0,4.2,Overseas
Marcus Stoinis,All-Rounder,Delhi Daredevils,2015.0,0.25,Overseas
Marcus Stoinis,All-Rounder,Kings XI Punjab,2016.0,0.55,Overseas
Marcus Stoinis,All-Rounder,Kings XI Punjab,2018.0,6.2,Overseas
Marcus Stoinis,All-Rounder,Delhi Capitals,2020.0,4.8,Overseas
Mark Wood,Bowler,Chennai Super Kings,2018.0,1.5,Overseas
Mark Wood,Bowler,Lucknow Super Giants,2022.0,7.5,Overseas
Martin Guptill,Batsman,Kings XI Punjab,2017.0,0.5,Overseas
Martin Guptill,Batsman,Sunrisers Hyderabad,2019.0,1.0,Overseas
Matt Henry,Bowler,Chennai Super Kings,2014.0,0.3,Overseas
Matt Henry,Bowler,Kings XI Punjab,2017.0,0.5,Overseas
Matthew Wade,Wicket Keeper,Gujarat Titans,2022.0,2.4,Overseas
Mayank Agarwal,Batsman,Delhi Daredevils,2014.0,1.6,Indian
Mayank Agarwal,Batsman,Kings XI Punjab,2018.0,1.0,Indian
Mayank Dagar,All-Rounder,Kings XI Punjab,2018.0,0.2,Indian
Mayank Markande,Bowler,Mumbai Indians,2018.0,0.2,Indian
Mayank Markande,Bowler,Mumbai Indians,2022.0,0.65,Indian
Mayank Yadav,Bowler,Lucknow Super Giants,2022.0,0.2,Indian
Michael Clarke,Batsman,Pune Warriors India,2013.0,3.0,Overseas
Michael Hussey,Batsman,Mumbai Indians,2014.0,5.0,Overseas
Michael Hussey,Batsman,Chennai Super Kings,2015.0,1.5,Overseas
Midhun S,All-Rounder,Rajasthan Royals,2018.0,0.2,Indian
Milind Kumar,Batsman,Delhi Daredevils,2014.0,0.1,Indian
Milind Kumar,All-Rounder,Royal Challengers Bangalore,2019.0,0.2,Indian
Milind Tandon,All-Rounder,Rising Pune Supergiant,2017.0,0.1,Indian
Mitchell Johnson,All-Rounder,Kings XI Punjab,2014.0,6.5,Overseas
Mitchell Johnson,Bowler,Mumbai Indians,2017.0,2.0,Overseas
Mitchell Johnson,Bowler,Kolkata Knight Riders,2018.0,2.0,Overseas
Mitchell Marsh,All-Rounder,Rising Pune Supergiant,2016.0,4.8,Overseas
Mitchell Marsh,All-Rounder,Sunrisers Hyderabad,2020.0,2.0,Overseas
Mitchell Marsh,All-Rounder,Delhi Capitals,2022.0,6.5,Overseas
Mitchell McClenaghan,Bowler,Mumbai Indians,2015.0,0.3,Overseas
Mitchell Santner,All-Rounder,Chennai Super Kings,2018.0,0.5,Overseas
Mitchell Santner,All-Rounder,Chennai Super Kings,2022.0,1.9,Overseas
Mitchell Starc,Bowler,Royal Challengers Bangalore,2014.0,5.0,Overseas
Mitchell Starc,Bowler,Kolkata Knight Riders,2018.0,9.4,Overseas
Mithun Manhas,All-Rounder,Chennai Super Kings,2014.0,0.3,Indian
Moeen Ali,All-Rounder,Royal Challengers Bangalore,2018.0,1.7,Overseas
Moeen Ali,All-Rounder,Chennai Super Kings,2021.0,7.0,Overseas
Mohammad Nabi,All-Rounder,Sunrisers Hyderabad,2017.0,0.3,Overseas
Mohammad Nabi,All-Rounder,Sunrisers Hyderabad,2018.0,1.0,Overseas
Mohammad Nabi,All-Rounder,Kolkata Knight Riders,2022.0,1.0,Overseas
Mohammad Shami,Bowler,Delhi Daredevils,2014.0,4.25,Indian
Mohammad Shami,Bowler,Delhi Daredevils,2018.0,3.0,Indian
Mohammad Shami,Bowler,Kings XI Punjab,2019.0,4.8,Indian
Mohammad Shami,Bowler,Gujarat Titans,2022.0,6.25,Indian
Mohammed Azharudeen,Wicket Keeper,Royal Challengers Bangalore,2021.0,0.2,Indian
Mohammed Siraj,Bowler,Sunrisers Hyderabad,2017.0,2.6,Indian
Mohammed Siraj,Bowler,Royal Challengers Bangalore,2018.0,2.6,Indian
Mohd. Arshad Khan,All-Rounder,Mumbai Indians,2022.0,0.2,Indian
Mohit Sharma,Bowler,Chennai Super Kings,2014.0,2.0,Indian
Mohit Sharma,Bowler,Kings XI Punjab,2016.0,6.5,Indian
Mohit Sharma,Bowler,Kings XI Punjab,2018.0,2.4,Indian
Mohit Sharma,Bowler,Chennai Super Kings,2019.0,5.0,Indian
Mohit Sharma,Bowler,Delhi Capitals,2020.0,0.5,Indian
Mohsin Khan,Bowler,Mumbai Indians,2018.0,0.2,Indian
Mohsin Khan,Bowler,Mumbai Indians,2020.0,0.2,Indian
Mohsin Khan,Bowler,Lucknow Super Giants,2022.0,0.2,Indian
Moises Henriques,All-Rounder,Royal Challengers Bangalore,2013.0,2.25,Overseas
Moises Henriques,All-Rounder,Sunrisers Hyderabad,2014.0,1.0,Overseas
Moises Henriques,All-Rounder,Kings XI Punjab,2019.0,1.0,Overseas
Moises Henriques,All-Rounder,Punjab Kings,2021.0,4.2,Overseas
Monu Singh,Bowler,Chennai Super Kings,2018.0,0.2,Indian
Morne Morkel,Bowler,Kolkata Knight Riders,2014.0,2.8,Overseas
Mujeeb Zadran,Bowler,Kings XI Punjab,2018.0,4.0,Overseas
Mujeeb Zadran,Bowler,Sunrisers Hyderabad,2021.0,1.5,Overseas
Mukesh Choudhary,Bowler,Chennai Super Kings,2022.0,0.2,Indian
Munaf Patel,Bowler,Gujarat Lions,2017.0,0.3,Indian
Murali Kartik,Bowler,Kings XI Punjab,2014.0,1.0,Indian
Murali Vijay,Batsman,Delhi Daredevils,2014.0,5.0,Indian
Murali Vijay,Batsman,Kings XI Punjab,2015.0,3.0,Indian
Murali Vijay,Batsman,Chennai Super Kings,2018.0,2.0,Indian
Murugan Ashwin,Bowler,Mumbai Indians,2022.0,1.6,Indian
Mustafizur Rahman,Bowler,Sunrisers Hyderabad,2016.0,1.4,Overseas
Mustafizur Rahman,Bowler,Mumbai Indians,2018.0,2.2,Overseas
Mustafizur Rahman,Bowler,Rajasthan Royals,2021.0,1.0,Overseas
Mustafizur Rahman,Bowler,Delhi Capitals,2022.0,2.0,Overseas
Muttiah Muralitharan,Bowler,Royal Challengers Bangalore,2014.0,1.0,Overseas
N Jagadeesan,Wicket Keeper,Chennai Super Kings,2018.0,0.2,Indian
N. Jagadeesan,Wicket Keeper,Chennai Super Kings,2022.0,0.2,Indian
N. Tilak Varma,All-Rounder,Mumbai Indians,2022.0,1.7,Indian
Naman Ojha,Wicket Keeper,Sunrisers Hyderabad,2014.0,0.5,Indian
Naman Ojha,Wicket Keeper,Delhi Daredevils,2018.0,1.4,Indian
Nathan Coulter-Nile,Bowler,Mumbai Indians,2013.0,3.375,Overseas
Nathan Coulter-Nile,Bowler,Delhi Daredevils,2014.0,4.25,Overseas
Nathan Coulter-Nile,Bowler,Kolkata Knight Riders,2017.0,3.5,Overseas
Nathan Coulter-Nile,Bowler,Royal Challengers Bangalore,2018.0,2.2,Overseas
Nathan Coulter-Nile,Bowler,Mumbai Indians,2020.0,8.0,Overseas
Nathan Coulter-Nile,Bowler,Mumbai Indians,2021.0,5.0,Overseas
Nathan Coulter-Nile,Bowler,Rajasthan Royals,2022.0,2.0,Overseas
Nathan Ellis,Bowler,Punjab Kings,2022.0,0.75,Overseas
Nathan McCullum,Bowler,Sunrisers Hyderabad,2013.0,0.75,Overseas
Nathu Singh,Bowler,Mumbai Indians,2016.0,3.2,Indian
Nathu Singh,Bowler,Gujarat Lions,2017.0,0.5,Indian
Nathu Singh,Bowler,Delhi Capitals,2019.0,0.2,Indian
Navdeep Saini,Bowler,Delhi Daredevils,2017.0,0.1,Indian
Navdeep Saini,Bowler,Royal Challengers Bangalore,2018.0,3.0,Indian
Navdeep Saini,Bowler,Rajasthan Royals,2022.0,2.6,Indian
Nic Maddinson,Batsman,Royal Challengers Bangalore,2014.0,0.5,Overseas
Nicolas Pooran,Wicket Keeper,Sunrisers Hyderabad,2022.0,10.75,Overseas
Nicolas Pooran,Wicket Keeper,Mumbai Indians,2017.0,0.3,Overseas
Nicolas Pooran,Wicket Keeper,Kings XI Punjab,2019.0,4.2,Overseas
Nidheesh M D Dinesan,Bowler,Mumbai Indians,2018.0,0.2,Indian
Nikhil Shankar Naik,Wicket Keeper,Kings XI Punjab,2015.0,0.3,Indian
Nikhil Shankar Naik,Wicket Keeper,Kolkata Knight Riders,2019.0,0.2,Indian
Nikhil Shankar Naik,Wicket Keeper,Kolkata Knight Riders,2020.0,0.2,Indian
Nitish Rana,All-Rounder,Mumbai Indians,2015.0,0.1,Indian
Nitish Rana,All-Rounder,Kolkata Knight Riders,2018.0,3.4,Indian
Nitish Rana,All-Rounder,Kolkata Knight Riders,2022.0,8.0,Indian
Noor Ahmad,Bowler,Gujarat Titans,2022.0,0.3,Overseas
Obed Mccoy,Bowler,Rajasthan Royals,2022.0,0.75,Overseas
Odean Smith,All-Rounder,Punjab Kings,2022.0,6.0,Overseas
Oshane Thomas,Bowler,Rajasthan Royals,2019.0,1.1,Overseas
Oshane Thomas,Bowler,Rajasthan Royals,2020.0,0.5,Overseas
Pankaj Jaswal,All-Rounder,Mumbai Indians,2019.0,0.2,Overseas
Pankaj Singh,Bowler,Royal Challengers Bangalore,2013.0,1.125,Indian
Paras Dogra,Batsman,Gujarat Lions,2016.0,0.1,Indian
Pardeep Sahu,All-Rounder,Rajasthan Royals,2015.0,0.1,Indian
Pardeep Sahu,All-Rounder,Kings XI Punjab,2016.0,0.1,Indian
Pardeep Sahu,Bowler,Kings XI Punjab,2018.0,0.2,Indian
Parthiv Patel,Wicket Keeper,Royal Challengers Bangalore,2014.0,1.4,Indian
Parthiv Patel,Wicket Keeper,Royal Challengers Bangalore,2018.0,1.7,Indian
Parveez Rasool,All-Rounder,Sunrisers Hyderabad,2014.0,0.95,Indian
Parvinder Awana,Bowler,Kings XI Punjab,2014.0,0.65,Indian
Pat Cummins,Bowler,Mumbai Indians,2018.0,5.4,Overseas
Pat Cummins,All-Rounder,Kolkata Knight Riders,2020.0,15.5,Overseas
Pat Cummins,All-Rounder,Kolkata Knight Riders,2022.0,7.25,Overseas
Pat Cummins,Bowler,Kolkata Knight Riders,2014.0,1.0,Overseas
Pat Cummins,Bowler,Delhi Daredevils,2017.0,4.5,Overseas
Pavan Deshpande,All-Rounder,Royal Challengers Bangalore,2018.0,0.2,Indian
Pavan Deshpande,All-Rounder,Royal Challengers Bangalore,2020.0,0.2,Indian
Pawan Negi,Bowler,Chennai Super Kings,2014.0,0.1,Indian
Pawan Negi,All-Rounder,Delhi Daredevils,2016.0,8.5,Indian
Pawan Negi,All-Rounder,Royal Challengers Bangalore,2017.0,1.0,Indian
Pawan Negi,All-Rounder,Royal Challengers Bangalore,2018.0,1.0,Indian
Pawan Negi,All-Rounder,Kolkata Knight Riders,2021.0,0.5,Indian
Pawan Suyal,Bowler,Mumbai Indians,2014.0,0.1,Indian
Pawan Suyal,Bowler,Delhi Daredevils,2016.0,0.1,Indian
Peter Handscomb,Wicket Keeper,Rising Pune Supergiant,2016.0,0.3,Overseas
Philip Hughes,Batsman,Mumbai Indians,2013.0,0.75,Overseas
Piyush Chawla,Bowler,Kolkata Knight Riders,2014.0,4.25,Indian
Piyush Chawla,Bowler,Kolkata Knight Riders,2018.0,4.2,Indian
Piyush Chawla,Bowler,Chennai Super Kings,2020.0,6.75,Indian
Piyush Chawla,Bowler,Mumbai Indians,2021.0,2.4,Indian
Prabhsimran Singh,Wicket Keeper,Kings XI Punjab,2019.0,4.8,Indian
Prabhsimran Singh,Wicket Keeper,Kings XI Punjab,2020.0,0.55,Indian
Prabhsimran Singh,Wicket Keeper,Punjab Kings,2022.0,0.6,Indian
Pradeep Sangwan,All-Rounder,Gujarat Lions,2016.0,0.2,Indian
Pradeep Sangwan,Bowler,Mumbai Indians,2018.0,1.5,Indian
Pradeep Sangwan,All-Rounder,Gujarat Titans,2022.0,0.2,Indian
Pragyan Ojha,Bowler,Mumbai Indians,2014.0,3.25,Indian
Pragyan Ojha,Bowler,Mumbai Indians,2015.0,0.5,Indian
Prasanth Padmanabhan,All-Rounder,Sunrisers Hyderabad,2015.0,0.1,Indian
Prasanth Parameswaran,Bowler,Sunrisers Hyderabad,2014.0,0.3,Indian
Prashant Chopra,Wicket Keeper,Rajasthan Royals,2018.0,0.2,Indian
Prashant Solanki,Bowler,Chennai Super Kings,2022.0,1.2,Indian
Prasidh Krishna,Bowler,Rajasthan Royals,2022.0,10.0,Indian
Pratham Singh,All-Rounder,Gujarat Lions,2017.0,0.1,Indian
Pratham Singh,Batsman,Kolkata Knight Riders,2022.0,0.2,Indian
Pratyush Singh,All-Rounder,Chennai Super Kings,2015.0,0.1,Indian
Pratyush Singh,All-Rounder,Delhi Daredevils,2016.0,0.1,Indian
Praveen Dubey,All-Rounder,Royal Challengers Bangalore,2016.0,0.35,Indian
Praveen Dubey,All-Rounder,Royal Challengers Bangalore,2017.0,0.1,Indian
Praveen Kumar,Bowler,Sunrisers Hyderabad,2015.0,2.2,Indian
Praveen Kumar,Bowler,Gujarat Lions,2016.0,3.5,Indian
Pravin Dubey,All-Rounder,Delhi Capitals,2022.0,0.5,Indian
Pravin Tambe,Bowler,Rajasthan Royals,2014.0,0.1,Indian
Pravin Tambe,Bowler,Gujarat Lions,2016.0,0.2,Indian
Pravin Tambe,Bowler,Sunrisers Hyderabad,2017.0,0.1,Indian
Pravin Tambe,Bowler,Kolkata Knight Riders,2020.0,0.2,Indian
Prayas Ray Barman,All-Rounder,Royal Challengers Bangalore,2019.0,1.5,Indian
Prerak Mankad,All-Rounder,Punjab Kings,2022.0,0.2,Indian
Prince Balwant Rai Singh,All-Rounder,Mumbai Indians,2020.0,0.2,Indian
Prithvi Raj Yarra,Bowler,Kolkata Knight Riders,2019.0,0.2,Indian
Prithvi Shaw,Batsman,Delhi Daredevils,2018.0,1.2,Indian
Priyam Garg,Batsman,Sunrisers Hyderabad,2020.0,1.9,Indian
Priyam Garg,Batsman,Sunrisers Hyderabad,2022.0,0.2,Indian
Quinton De Kock,Wicket Keeper,Sunrisers Hyderabad,2013.0,0.15,Overseas
Quinton De Kock,Wicket Keeper,Delhi Daredevils,2014.0,3.5,Overseas
Quinton De Kock,Wicket Keeper,Royal Challengers Bangalore,2018.0,2.8,Overseas
Quinton De Kock,Wicket Keeper,Lucknow Super Giants,2022.0,6.75,Overseas
R Samarth,Batsman,Sunrisers Hyderabad,2022.0,0.2,Indian
R. Ashwin,All-Rounder,Rajasthan Royals,2022.0,5.0,Indian
R. Sai Kishore,Bowler,Chennai Super Kings,2020.0,0.2,Indian
R. Sai Kishore,Bowler,Gujarat Titans,2022.0,3.0,Indian
R. Sanjay Yadav,All-Rounder,Kolkata Knight Riders,2017.0,0.1,Indian
Rahul Ajay Tripathi,All-Rounder,Rising Pune Supergiant,2017.0,0.1,Indian
Rahul Buddhi,Batsman,Mumbai Indians,2022.0,0.2,Indian
Rahul Chahar,Bowler,Rising Pune Supergiant,2017.0,0.1,Indian
Rahul Chahar,Bowler,Mumbai Indians,2018.0,1.9,Indian
Rahul Chahar,Bowler,Punjab Kings,2022.0,5.25,Indian
Rahul Sharma,Bowler,Delhi Daredevils,2014.0,1.9,Indian
Rahul Sharma,Bowler,Chennai Super Kings,2015.0,0.3,Indian
Rahul Shukla,Bowler,Delhi Daredevils,2014.0,0.4,Indian
Rahul Tewatia,All-Rounder,Rajasthan Royals,2014.0,0.1,Indian
Rahul Tewatia,All-Rounder,Kings XI Punjab,2017.0,0.25,Indian
Rahul Tewatia,All-Rounder,Delhi Daredevils,2018.0,3.0,Indian
Rahul Tewatia,All-Rounder,Gujarat Titans,2022.0,9.0,Indian
Rahul Tripathi,Batsman,Rajasthan Royals,2018.0,3.4,Indian
Rahul Tripathi,Batsman,Kolkata Knight Riders,2020.0,0.6,Indian
Rahul Tripathi,Batsman,Sunrisers Hyderabad,2022.0,8.5,Indian
Raj Angad Bawa,All-Rounder,Punjab Kings,2022.0,2.0,Indian
Rajagopal Sathish,All-Rounder,Kolkata Knight Riders,2016.0,0.2,Indian
Rajat Bhatia,All-Rounder,Rajasthan Royals,2014.0,1.7,Indian
Rajat Bhatia,All-Rounder,Rising Pune Supergiant,2016.0,0.6,Indian
Rajat Patidar,Batsman,Royal Challengers Bangalore,2021.0,0.2,Indian
Rajvardhan Hangargekar,All-Rounder,Chennai Super Kings,2022.0,1.5,Indian
Ramandeep Singh,All-Rounder,Mumbai Indians,2022.0,0.2,Indian
Ramesh Kumar,Batsman,Kolkata Knight Riders,2022.0,0.2,Indian
Ranganath Vinay Kumar,Bowler,Kolkata Knight Riders,2014.0,2.8,Indian
Ranganath Vinay Kumar,Bowler,Kolkata Knight Riders,2018.0,1.0,Indian
Rashid Khan Arman,Bowler,Sunrisers Hyderabad,2017.0,4.0,Overseas
Rashid Khan Arman,Bowler,Sunrisers Hyderabad,2018.0,9.0,Overseas
Rasikh Dar,Bowler,Mumbai Indians,2019.0,0.2,Indian
Rasikh Dar,Bowler,Kolkata Knight Riders,2022.0,0.2,Indian
Rassie Van Der Dussen,Batsman,Rajasthan Royals,2022.0,1.0,Overseas
Ravi Bishnoi,Bowler,Kings XI Punjab,2020.0,2.0,Indian
Ravi Bopara,All-Rounder,Sunrisers Hyderabad,2015.0,1.0,Indian
Ravi Rampaul,Bowler,Royal Challengers Bangalore,2013.0,2.175,Overseas
Ravi Rampaul,Bowler,Royal Challengers Bangalore,2014.0,0.9,Overseas
Ravichandran Ashwin,All-Rounder,Kings XI Punjab,2018.0,7.6,Overseas
Ricky Bhui,Batsman,Sunrisers Hyderabad,2014.0,0.1,Overseas
Ricky Bhui,Batsman,Sunrisers Hyderabad,2018.0,0.2,Overseas
Ricky Ponting,Batsman,Mumbai Indians,2013.0,3.0,Overseas
Riley Meredith,Bowler,Punjab Kings,2021.0,8.0,Overseas
Riley Meredith,Bowler,Mumbai Indians,2022.0,1.0,Overseas
Rinku Singh,Batsman,Kings XI Punjab,2017.0,0.1,Indian
Rinku Singh,Batsman,Kolkata Knight Riders,2018.0,0.8,Indian
Rinku Singh,Batsman,Kolkata Knight Riders,2022.0,0.55,Indian
Ripal Patel,All-Rounder,Delhi Capitals,2021.0,0.2,Indian
Ripal Patel,All-Rounder,Delhi Capitals,2022.0,0.2,Indian
Rishabh Pant,Wicket Keeper,Delhi Daredevils,2016.0,1.9,Indian
Rishi Dhawan,All-Rounder,Kings XI Punjab,2014.0,3.0,Indian
Rishi Dhawan,All-Rounder,Kolkata Knight Riders,2017.0,0.55,Indian
Rishi Dhawan,All-Rounder,Punjab Kings,2022.0,0.55,Indian
Riyan Parag,All-Rounder,Rajasthan Royals,2019.0,0.2,Indian
Riyan Parag,All-Rounder,Rajasthan Royals,2022.0,3.8,Indian
Robin Uthappa,Batsman,Kolkata Knight Riders,2014.0,5.0,Indian
Robin Uthappa,Batsman,Kolkata Knight Riders,2018.0,6.4,Indian
Robin Uthappa,Batsman,Rajasthan Royals,2020.0,3.0,Indian
Robin Uthappa,Batsman,Chennai Super Kings,2022.0,2.0,Indian
Romario Shepherd,All-Rounder,Sunrisers Hyderabad,2022.0,7.75,Overseas
Ronit More,Bowler,Chennai Super Kings,2014.0,0.1,Indian
Ross Taylor,Batsman,Delhi Daredevils,2014.0,2.0,Overseas
Rovman Powell,All-Rounder,Kolkata Knight Riders,2017.0,0.3,Overseas
Rovman Powell,Batsman,Delhi Capitals,2022.0,2.8,Overseas
Rudra Pratap Singh,Bowler,Royal Challengers Bangalore,2013.0,3.0,Indian
Rudra Pratap Singh,Bowler,Rising Pune Supergiant,2016.0,0.3,Indian
Ruturaj Gaikwad,Batsman,Chennai Super Kings,2019.0,0.2,Indian
Ryan McLaren,Bowler,Kolkata Knight Riders,2013.0,0.375,Overseas
Ryan Ten Doeschate,All-Rounder,Kolkata Knight Riders,2014.0,1.0,Overseas
Sachin Baby,Batsman,Royal Challengers Bangalore,2016.0,0.1,Indian
Sachin Baby,Batsman,Sunrisers Hyderabad,2018.0,0.2,Indian
Sachin Baby,Batsman,Royal Challengers Bangalore,2021.0,0.2,Indian
Sachin Rana,Bowler,Royal Challengers Bangalore,2014.0,0.2,Indian
Sachithra Senanayaka,All-Rounder,Kolkata Knight Riders,2013.0,4.6875,Overseas
Sagar Trivedi,All-Rounder,Rajasthan Royals,2015.0,0.1,Indian
Sam Billings,Wicket Keeper,Delhi Daredevils,2016.0,0.3,Overseas
Sam Billings,Wicket Keeper,Chennai Super Kings,2018.0,1.0,Overseas
Sam Billings,Wicket Keeper,Delhi Capitals,2021.0,2.0,Overseas
Sam Billings,Wicket Keeper,Kolkata Knight Riders,2022.0,2.0,Overseas
Sam Curran,All-Rounder,Kings XI Punjab,2019.0,7.2,Overseas
Sam Curran,All-Rounder,Chennai Super Kings,2020.0,5.5,Overseas
Samuel Badree,Bowler,Chennai Super Kings,2014.0,0.3,Overseas
Samuel Badree,Bowler,Royal Challengers Bangalore,2016.0,0.5,Overseas
Sandeep Bavanaka,All-Rounder,Sunrisers Hyderabad,2020.0,0.2,Overseas
Sandeep Lamichhane,Bowler,Delhi Daredevils,2018.0,0.2,Overseas
Sandeep Sharma,Bowler,Kings XI Punjab,2014.0,0.85,Indian
Sandeep Sharma,Bowler,Sunrisers Hyderabad,2018.0,3.0,Indian
Sandeep Sharma,Bowler,Punjab Kings,2022.0,0.5,Indian
Sandeep Warrier,Bowler,Royal Challengers Bangalore,2014.0,0.1,Indian
Sanjay Yadav,All-Rounder,Sunrisers Hyderabad,2020.0,0.2,Indian
Sanjay Yadav,All-Rounder,Mumbai Indians,2022.0,0.5,Indian
Sanju Samson,Wicket Keeper,Delhi Daredevils,2016.0,4.2,Indian
Sanju Samson,Wicket Keeper,Rajasthan Royals,2018.0,8.0,Indian
Sarabjit Ladda,Bowler,Gujarat Lions,2016.0,0.1,Indian
Sarfaraz Khan,All-Rounder,Delhi Capitals,2022.0,0.2,Indian
Sarfaraz Naushad Khan,Batsman,Royal Challengers Bangalore,2015.0,0.5,Indian
Sarfaraz Naushad Khan,All-Rounder,Kings XI Punjab,2019.0,0.25,Indian
Saurabh Dubey,Bowler,Sunrisers Hyderabad,2022.0,0.2,Indian
Saurabh Kumar,Bowler,Rising Pune Supergiant,2017.0,0.1,Indian
Saurabh Kumar,All-Rounder,Punjab Kings,2021.0,0.2,Indian
Saurabh Tiwary,Batsman,Delhi Daredevils,2014.0,0.7,Indian
Saurabh Tiwary,Batsman,Mumbai Indians,2017.0,0.3,Indian
Saurabh Tiwary,Batsman,Mumbai Indians,2018.0,0.8,Indian
Saurabh Tiwary,Batsman,Mumbai Indians,2020.0,0.5,Indian
Sayan Ghosh,Bowler,Kolkata Knight Riders,2017.0,0.1,Indian
Sayan Ghosh,Bowler,Delhi Daredevils,2018.0,0.2,Indian
Sayan Sekhar Mandal,All-Rounder,Kolkata Knight Riders,2014.0,0.1,Indian
Scott Boland,Bowler,Rising Pune Supergiant,2016.0,0.5,Overseas
Sean Abbott,Bowler,Royal Challengers Bangalore,2015.0,1.0,Overseas
Sean Abbott,Bowler,Sunrisers Hyderabad,2022.0,2.4,Overseas
Shadab Jakati,Bowler,Royal Challengers Bangalore,2014.0,0.2,Indian
Shadab Jakati,All-Rounder,Gujarat Lions,2016.0,0.2,Indian
Shahbaz Ahamad,Wicket Keeper,Royal Challengers Bangalore,2020.0,0.2,Indian
Shahbaz Ahamad,All-Rounder,Royal Challengers Bangalore,2022.0,2.4,Indian
Shahbaz Nadeem,Bowler,Delhi Daredevils,2014.0,0.85,Indian
Shahbaz Nadeem,Bowler,Delhi Daredevils,2018.0,3.2,Indian
Shahbaz Nadeem,Bowler,Lucknow Super Giants,2022.0,0.5,Indian
Shahrukh Khan,All-Rounder,Punjab Kings,2021.0,5.25,Indian
Shahrukh Khan,All-Rounder,Punjab Kings,2022.0,9.0,Indian
Shakib Al Hasan,All-Rounder,Kolkata Knight Riders,2014.0,2.8,Overseas
Shakib Al Hasan,All-Rounder,Sunrisers Hyderabad,2018.0,2.0,Overseas
Shakib Al Hasan,All-Rounder,Kolkata Knight Riders,2021.0,3.2,Overseas
Shane Watson,All-Rounder,Royal Challengers Bangalore,2016.0,9.5,Overseas
Shane Watson,All-Rounder,Chennai Super Kings,2018.0,4.0,Overseas
Sharad Lumba,Batsman,Mumbai Indians,2018.0,0.2,Indian
Shardul Thakur,Bowler,Kings XI Punjab,2014.0,0.2,Indian
Shardul Thakur,Bowler,Chennai Super Kings,2018.0,2.6,Indian
Shardul Thakur,Bowler,Delhi Capitals,2022.0,10.75,Indian
Shashank Singh,All-Rounder,Delhi Daredevils,2017.0,0.1,Indian
Shashank Singh,All-Rounder,Rajasthan Royals,2019.0,0.3,Indian
Shashank Singh,All-Rounder,Sunrisers Hyderabad,2022.0,0.2,Indian
Shaun Marsh,Batsman,Kings XI Punjab,2014.0,2.2,Overseas
Sheldon Cottrell,Bowler,Kings XI Punjab,2020.0,8.5,Overseas
Sheldon Jackson,Batsman,Kolkata Knight Riders,2015.0,0.15,Indian
Sheldon Jackson,Wicket Keeper,Kolkata Knight Riders,2021.0,0.2,Indian
Sheldon Jackson,Wicket Keeper,Kolkata Knight Riders,2022.0,0.6,Indian
Shelley Shaurya,Bowler,Gujarat Lions,2017.0,0.1,Indian
Sherfane Rutherford,All-Rounder,Delhi Capitals,2019.0,2.0,Overseas
Sherfane Rutherford,All-Rounder,Royal Challengers Bangalore,2022.0,1.0,Overseas
Shikhar Dhawan,Batsman,Sunrisers Hyderabad,2018.0,5.2,Indian
Shikhar Dhawan,Batsman,Punjab Kings,2022.0,8.25,Indian
Shimron Hetmyer,Batsman,Royal Challengers Bangalore,2019.0,4.2,Overseas
Shimron Hetmyer,Batsman,Delhi Capitals,2020.0,7.75,Overseas
Shimron Hetmyer,Batsman,Rajasthan Royals,2022.0,8.5,Overseas
Shishir Bhavane,Batsman,Royal Challengers Bangalore,2015.0,0.1,Indian
Shivam Dube,All-Rounder,Royal Challengers Bangalore,2019.0,5.0,Indian
Shivam Dube,All-Rounder,Rajasthan Royals,2021.0,4.4,Indian
Shivam Dube,All-Rounder,Chennai Super Kings,2022.0,4.0,Indian
Shivam Mavi,All-Rounder,Kolkata Knight Riders,2018.0,3.0,Indian
Shivam Mavi,All-Rounder,Kolkata Knight Riders,2022.0,7.25,Indian
Shivam Sharma,Bowler,Kings XI Punjab,2014.0,0.1,Indian
Shivil Kaushik,Bowler,Gujarat Lions,2016.0,0.1,Indian
Shreevats Goswami,Wicket Keeper,Sunrisers Hyderabad,2018.0,1.0,Indian
Shreyas Gopal,Bowler,Mumbai Indians,2014.0,0.1,Indian
Shreyas Gopal,All-Rounder,Rajasthan Royals,2018.0,0.2,Indian
Shreyas Gopal,Bowler,Sunrisers Hyderabad,2022.0,0.75,Indian
Shreyas Iyer,Batsman,Delhi Daredevils,2015.0,2.6,Indian
Shreyas Iyer,Batsman,Kolkata Knight Riders,2022.0,12.25,Indian
Shrikant Mundhe,All-Rounder,Kolkata Knight Riders,2019.0,0.2,Indian
Shubam Agrawal,All-Rounder,Gujarat Lions,2017.0,0.1,Indian
Shubham Garhwal,All-Rounder,Rajasthan Royals,2022.0,0.2,Indian
Shubham Ranjane,All-Rounder,Rajasthan Royals,2019.0,0.2,Indian
Shubman Gill,Batsman,Kolkata Knight Riders,2018.0,1.8,Indian
Siddarth Kaul,Bowler,Delhi Daredevils,2014.0,0.45,Indian
Siddarth Kaul,Bowler,Sunrisers Hyderabad,2015.0,0.1,Indian
Siddarth Kaul,Bowler,Sunrisers Hyderabad,2018.0,3.8,Indian
Siddharth Kaul,Bowler,Royal Challengers Bangalore,2022.0,0.75,Indian
Siddhesh Dinesh Lad,All-Rounder,Mumbai Indians,2015.0,0.1,Indian
Siddhesh Dinesh Lad,Batsman,Mumbai Indians,2018.0,0.2,Indian
Simarjeet Singh,Bowler,Chennai Super Kings,2022.0,0.2,Indian
Srikkanth Anirudha,Batsman,Sunrisers Hyderabad,2014.0,0.2,Indian
Steven Smith,All-Rounder,Rajasthan Royals,2014.0,4.0,Overseas
Steven Smith,Batsman,Delhi Capitals,2021.0,2.2,Overseas
Stuart Binny,All-Rounder,Royal Challengers Bangalore,2016.0,2.0,Indian
Stuart Binny,All-Rounder,Rajasthan Royals,2018.0,0.5,Indian
Subhranshu Senapati,Batsman,Chennai Super Kings,2022.0,0.2,Indian
Subramaniam Badrinath,Batsman,Royal Challengers Bangalore,2015.0,0.3,Indian
Sudeep Tyagi,Bowler,Sunrisers Hyderabad,2013.0,0.75,Indian
Sumit Narwal,All-Rounder,Kolkata Knight Riders,2015.0,0.1,Indian
Suryakumar Yadav,Batsman,Kolkata Knight Riders,2014.0,0.7,Indian
Suryakumar Yadav,Batsman,Mumbai Indians,2018.0,3.2,Indian
Sushant Marathe,Wicket Keeper,Mumbai Indians,2014.0,0.1,Indian
Suyash Prabhudesai,All-Rounder,Royal Challengers Bangalore,2021.0,0.2,Indian
Suyash Prabhudessai,All-Rounder,Royal Challengers Bangalore,2022.0,0.3,Indian
Swapnil Singh,All-Rounder,Kings XI Punjab,2016.0,0.1,Indian
Syed Khaleel Ahmed,All-Rounder,Delhi Daredevils,2016.0,0.1,Indian
Syed Khaleel Ahmed,Bowler,Sunrisers Hyderabad,2018.0,3.0,Indian
Syed Khaleel Ahmed,Bowler,Delhi Capitals,2022.0,5.25,Indian
Syed Mehdi Hasan,All-Rounder,Sunrisers Hyderabad,2018.0,0.2,Indian
T Natarajan,Bowler,Kings XI Punjab,2017.0,3.0,Indian
T Natarajan,Bowler,Sunrisers Hyderabad,2018.0,0.4,Indian
T. Natarajan,Bowler,Sunrisers Hyderabad,2022.0,4.0,Indian
Tajinder Dhillon,All-Rounder,Mumbai Indians,2018.0,0.55,Indian
Tajinder Dhillon,All-Rounder,Kings XI Punjab,2020.0,0.2,Indian
Tanmay Agarwal,Batsman,Sunrisers Hyderabad,2017.0,0.1,Indian
Tanmay Agarwal,Batsman,Sunrisers Hyderabad,2018.0,0.2,Indian
Tanmay Mishra,Batsman,Royal Challengers Bangalore,2014.0,0.1,Indian
Tejas Baroka,Bowler,Rajasthan Royals,2022.0,0.2,Indian
Tejas Singh Baroka,Bowler,Gujarat Lions,2017.0,0.1,Indian
Thisara Perera,All-Rounder,Sunrisers Hyderabad,2013.0,5.0625,Overseas
Thisara Perera,All-Rounder,Kings XI Punjab,2014.0,1.6,Overseas
Thisara Perera,All-Rounder,Rising Pune Supergiant,2016.0,1.0,Overseas
Tim David,All-Rounder,Mumbai Indians,2022.0,8.25,Overseas
Tim Seifert,Wicket Keeper,Delhi Capitals,2022.0,0.5,Overseas
Tim Southee,Bowler,Rajasthan Royals,2014.0,1.2,Overseas
Tim Southee,Bowler,Mumbai Indians,2016.0,2.5,Overseas
Tim Southee,Bowler,Royal Challengers Bangalore,2018.0,1.0,Overseas
Tim Southee,Bowler,Kolkata Knight Riders,2022.0,1.5,Overseas
Tirumalasetti Suman,Batsman,Sunrisers Hyderabad,2016.0,0.1,Indian
Tom Banton,Batsman,Kolkata Knight Riders,2020.0,1.0,Overseas
Tom Curran,All-Rounder,Rajasthan Royals,2020.0,1.0,Overseas
Tom Curran,All-Rounder,Delhi Capitals,2021.0,5.25,Overseas
Travis Head,Batsman,Delhi Daredevils,2015.0,0.3,Overseas
Travis Head,Batsman,Royal Challengers Bangalore,2016.0,0.5,Overseas
Trent Boult,Bowler,Sunrisers Hyderabad,2015.0,3.8,Overseas
Trent Boult,Bowler,Kolkata Knight Riders,2017.0,5.0,Overseas
Trent Boult,Bowler,Delhi Daredevils,2018.0,2.2,Overseas
Trent Boult,Bowler,Rajasthan Royals,2022.0,8.0,Overseas
Tushar Deshpande,Bowler,Delhi Capitals,2020.0,0.2,Indian
Tushar Deshpande,Bowler,Chennai Super Kings,2022.0,0.2,Indian
Tymal Mills,Bowler,Royal Challengers Bangalore,2017.0,12.0,Overseas
Tymal Mills,Bowler,Mumbai Indians,2022.0,1.5,Overseas
Umang Sharma,Batsman,Gujarat Lions,2016.0,0.1,Indian
Umesh Yadav,Bowler,Kolkata Knight Riders,2014.0,2.6,Indian
Umesh Yadav,Bowler,Royal Challengers Bangalore,2018.0,4.2,Indian
Umesh Yadav,Bowler,Delhi Capitals,2021.0,1.0,Indian
Umesh Yadav,Bowler,Kolkata Knight Riders,2022.0,2.0,Indian
Unmukt Chand,Batsman,Rajasthan Royals,2014.0,0.65,Indian
Utkarsh Singh,All-Rounder,Punjab Kings,2021.0,0.2,Indian
Vaibhav Arora,Bowler,Kolkata Knight Riders,2021.0,0.2,Indian
Vaibhav Arora,Bowler,Punjab Kings,2022.0,2.0,Indian
Vaibhav Rawal,All-Rounder,Kolkata Knight Riders,2015.0,0.1,Indian
Varun Aaron,Bowler,Royal Challengers Bangalore,2014.0,2.0,Indian
Varun Aaron,Bowler,Kings XI Punjab,2017.0,2.8,Indian
Varun Aaron,Bowler,Rajasthan Royals,2019.0,2.4,Indian
Varun Aaron,Bowler,Gujarat Titans,2022.0,0.5,Indian
Varun Chakaravarthy,All-Rounder,Kings XI Punjab,2019.0,8.4,Indian
Varun Chakaravarthy,All-Rounder,Kolkata Knight Riders,2020.0,4.0,Indian
Veer Pratap Singh,Bowler,Kolkata Knight Riders,2014.0,0.4,Indian
Venkatesh Iyer,All-Rounder,Kolkata Knight Riders,2021.0,0.2,Indian
Venugopal Rao,Batsman,Sunrisers Hyderabad,2014.0,0.55,Indian
Vicky Ostwal,All-Rounder,Delhi Capitals,2022.0,0.2,Indian
Vijay Shankar,All-Rounder,Chennai Super Kings,2014.0,0.1,Indian
Vijay Shankar,All-Rounder,Sunrisers Hyderabad,2016.0,0.35,Indian
Vijay Shankar,All-Rounder,Delhi Daredevils,2018.0,3.2,Indian
Vijay Shankar,All-Rounder,Gujarat Titans,2022.0,1.4,Indian
Vijay Zol,Batsman,Royal Challengers Bangalore,2014.0,0.3,Indian
Vikas Tokas,Bowler,Royal Challengers Bangalore,2016.0,0.1,Indian
Vikramjeet Malik,Bowler,Rajasthan Royals,2014.0,0.2,Indian
Vikramjeet Malik,Bowler,Royal Challengers Bangalore,2016.0,0.2,Indian
Virat Singh,Batsman,Sunrisers Hyderabad,2020.0,1.9,Indian
Virender Sehwag,Batsman,Kings XI Punjab,2014.0,3.2,Indian
Vishnu Vinod,Wicket Keeper,Delhi Capitals,2021.0,0.2,Indian
Vishnu Vinod,Wicket Keeper,Sunrisers Hyderabad,2022.0,0.5,Indian
Wanindu Hasaranga,All-Rounder,Royal Challengers Bangalore,2022.0,10.75,Overseas
Washington Sundar,All-Rounder,Sunrisers Hyderabad,2022.0,8.75,Indian
Wayne Parnell,Bowler,Delhi Daredevils,2014.0,1.0,Overseas
Wriddhiman Saha,Wicket Keeper,Kings XI Punjab,2014.0,2.2,Indian
Wriddhiman Saha,Wicket Keeper,Sunrisers Hyderabad,2018.0,5.0,Indian
Wriddhiman Saha,Wicket Keeper,Sunrisers Hyderabad,2019.0,1.2,Indian
Wriddhiman Saha,Wicket Keeper,Gujarat Titans,2022.0,1.9,Indian
Writtick Chatterjee,All-Rounder,Punjab Kings,2022.0,0.2,Indian
Yash Dayal,Bowler,Gujarat Titans,2022.0,3.2,Indian
Yash Dhull,All-Rounder,Delhi Capitals,2022.0,0.5,Indian
Yashasvi Jaiswal,All-Rounder,Rajasthan Royals,2020.0,2.4,Indian
Yogesh Gowalkar,All-Rounder,Kings XI Punjab,2015.0,0.1,Indian
Yogesh Takawale,Wicket Keeper,Royal Challengers Bangalore,2014.0,0.1,Indian
Yudhvir Charak,All-Rounder,Mumbai Indians,2021.0,0.2,Indian
Yusuf Pathan,All-Rounder,Kolkata Knight Riders,2014.0,3.25,Indian
Yusuf Pathan,All-Rounder,Sunrisers Hyderabad,2018.0,1.9,Indian
Yuvraj Singh,All-Rounder,Royal Challengers Bangalore,2014.0,14.0,Indian
Yuvraj Singh,Batsman,Delhi Daredevils,2015.0,16.0,Indian
Yuvraj Singh,All-Rounder,Sunrisers Hyderabad,2016.0,7.0,Indian
Yuvraj Singh,All-Rounder,Kings XI Punjab,2018.0,2.0,Indian
Yuvraj Singh,All-Rounder,Mumbai Indians,2019.0,1.0,Indian
Yuzvendra Chahal,Bowler,Rajasthan Royals,2022.0,6.5,Indian
Yuzvendra Singh Chahal,Bowler,Royal Challengers Bangalore,2014.0,0.1,Indian
Yuzvendra Singh Chahal,Bowler,Royal Challengers Bangalore,2018.0,6.0,Indian
Zaheer Khan,Bowler,Mumbai Indians,2014.0,2.6,Indian
Zaheer Khan,Bowler,Delhi Daredevils,2015.0,4.0,Indian
Zahir Khan Pakteen,Bowler,Rajasthan Royals,2018.0,0.6,Indian
